INSERT IGNORE INTO houses (id, name, image_name, description, price, capacity, postal_code, address, phone_number) VALUES (1, 'SAMURAIの宿', 'house01.jpg', '最寄り駅から徒歩10分。自然豊かで閑静な場所にあります。長期滞在も可能です。', 6000, 2, '073-0145', '北海道砂川市西五条南X-XX-XX', '012-345-678');
INSERT IGNORE INTO houses (id, name, image_name, description, price, capacity, postal_code, address, phone_number) VALUES (2, 'ペンション SAMURAI', 'house02.jpg', '最寄り駅から徒歩10分。自然豊かで閑静な場所にあります。長期滞在も可能です。', 7000, 3, '030-0945', '青森県青森市桜川X-XX-XX', '012-345-678');
INSERT IGNORE INTO houses (id, name, image_name, description, price, capacity, postal_code, address, phone_number) VALUES (3, 'SAMURAI荘', 'house03.jpg', '最寄り駅から徒歩10分。自然豊かで閑静な場所にあります。長期滞在も可能です。', 8000, 4, '029-5618', '岩手県和賀郡西和賀町沢内両沢X-XX-XX', '012-345-678');
INSERT IGNORE INTO houses (id, name, image_name, description, price, capacity, postal_code, address, phone_number) VALUES (4, 'ゲストハウス SAMURAI', 'house04.jpg', '最寄り駅から徒歩10分。自然豊かで閑静な場所にあります。長期滞在も可能です。', 9000, 5, '989-0555', '宮城県刈田郡七ヶ宿町滝ノ上X-XX-XX', '012-345-678');
INSERT IGNORE INTO houses (id, name, image_name, description, price, capacity, postal_code, address, phone_number) VALUES (5, 'SAMURAI屋', 'house05.jpg', '最寄り駅から徒歩10分。自然豊かで閑静な場所にあります。長期滞在も可能です。', 10000, 6, '018-2661', '秋田県山本郡八峰町八森浜田X-XX-XX', '012-345-678');
INSERT IGNORE INTO houses (id, name, image_name, description, price, capacity, postal_code, address, phone_number) VALUES (6, '民宿 SAMURAI', 'house06.jpg', '最寄り駅から徒歩10分。自然豊かで閑静な場所にあります。長期滞在も可能です。', 6000, 2, '999-6708', '山形県酒田市泉興野X-XX-XX', '012-345-678');
INSERT IGNORE INTO houses (id, name, image_name, description, price, capacity, postal_code, address, phone_number) VALUES (7, 'SAMURAIハイツ', 'house07.jpg', '最寄り駅から徒歩10分。自然豊かで閑静な場所にあります。長期滞在も可能です。', 7000, 3, '969-5147', '福島県会津若松市大戸町芦牧X-XX-XX', '012-345-678');
INSERT IGNORE INTO houses (id, name, image_name, description, price, capacity, postal_code, address, phone_number) VALUES (8, 'メゾンSAMURAI', 'house08.jpg', '最寄り駅から徒歩10分。自然豊かで閑静な場所にあります。長期滞在も可能です。', 8000, 4, '310-0021', '茨城県水戸市南町X-XX-XX', '012-345-678');
INSERT IGNORE INTO houses (id, name, image_name, description, price, capacity, postal_code, address, phone_number) VALUES (9, 'SAMURAIマンション', 'house09.jpg', '最寄り駅から徒歩10分。自然豊かで閑静な場所にあります。長期滞在も可能です。', 9000, 5, '323-1101', '栃木県下都賀郡藤岡町大前X-XX-XX', '012-345-678');
INSERT IGNORE INTO houses (id, name, image_name, description, price, capacity, postal_code, address, phone_number) VALUES (10, 'コーポSAMURAI', 'house10.jpg', '最寄り駅から徒歩10分。自然豊かで閑静な場所にあります。長期滞在も可能です。', 10000, 6, '370-0806', '群馬県高崎市上和田町X-XX-XX', '012-345-678');
INSERT IGNORE INTO houses (id, name, image_name, description, price, capacity, postal_code, address, phone_number) VALUES (11, 'SAMURAIハイム', 'house01.jpg', '最寄り駅から徒歩10分。自然豊かで閑静な場所にあります。長期滞在も可能です。', 6000, 2, '344-0125', '埼玉県春日部市飯沼X-XX-XX', '012-345-678');
INSERT IGNORE INTO houses (id, name, image_name, description, price, capacity, postal_code, address, phone_number) VALUES (12, 'ヴィラSAMURAI', 'house02.jpg', '最寄り駅から徒歩10分。自然豊かで閑静な場所にあります。長期滞在も可能です。', 7000, 3, '272-0011', '千葉県市川市高谷新町X-XX-XX', '012-345-678');
INSERT IGNORE INTO houses (id, name, image_name, description, price, capacity, postal_code, address, phone_number) VALUES (13, 'SAMURAIパレス', 'house03.jpg', '最寄り駅から徒歩10分。自然豊かで閑静な場所にあります。長期滞在も可能です。', 8000, 4, '130-0023', '東京都墨田区立川X-XX-XX', '012-345-678');
INSERT IGNORE INTO houses (id, name, image_name, description, price, capacity, postal_code, address, phone_number) VALUES (14, 'ロッジ SAMURAI', 'house04.jpg', '最寄り駅から徒歩10分。自然豊かで閑静な場所にあります。長期滞在も可能です。', 9000, 5, '240-0006', '神奈川県横浜市保土ヶ谷区星川X-XX-XX', '012-345-678');
INSERT IGNORE INTO houses (id, name, image_name, description, price, capacity, postal_code, address, phone_number) VALUES (15, 'SAMURAI館', 'house05.jpg', '最寄り駅から徒歩10分。自然豊かで閑静な場所にあります。長期滞在も可能です。', 10000, 6, '950-0201', '新潟県新潟市駒込X-XX-XX', '012-345-678');
INSERT IGNORE INTO houses (id, name, image_name, description, price, capacity, postal_code, address, phone_number) VALUES (16, 'SAMURAI山荘', 'house06.jpg', '最寄り駅から徒歩10分。自然豊かで閑静な場所にあります。長期滞在も可能です。', 6000, 2, '939-8155', '富山県富山市江本X-XX-XX', '012-345-678');
INSERT IGNORE INTO houses (id, name, image_name, description, price, capacity, postal_code, address, phone_number) VALUES (17, 'SAMURAIの家', 'house07.jpg', '最寄り駅から徒歩10分。自然豊かで閑静な場所にあります。長期滞在も可能です。', 7000, 3, '929-0111', '石川県能美市吉原町X-XX-XX', '012-345-678');
INSERT IGNORE INTO houses (id, name, image_name, description, price, capacity, postal_code, address, phone_number) VALUES (18, '侍の宿', 'house08.jpg', '最寄り駅から徒歩10分。自然豊かで閑静な場所にあります。長期滞在も可能です。', 8000, 4, '910-2354', '福井県福井市東天田町X-XX-XX', '012-345-678');
INSERT IGNORE INTO houses (id, name, image_name, description, price, capacity, postal_code, address, phone_number) VALUES (19, 'ペンション 侍', 'house09.jpg', '最寄り駅から徒歩10分。自然豊かで閑静な場所にあります。長期滞在も可能です。', 9000, 5, '403-0003', '山梨県富士吉田市大明見X-XX-XX', '012-345-678');
INSERT IGNORE INTO houses (id, name, image_name, description, price, capacity, postal_code, address, phone_number) VALUES (20, '侍荘', 'house10.jpg', '最寄り駅から徒歩10分。自然豊かで閑静な場所にあります。長期滞在も可能です。', 10000, 6, '395-0017', '長野県飯田市東新町X-XX-XX', '012-345-678');
INSERT IGNORE INTO houses (id, name, image_name, description, price, capacity, postal_code, address, phone_number) VALUES (21, 'ゲストハウス 侍', 'house01.jpg', '最寄り駅から徒歩10分。自然豊かで閑静な場所にあります。長期滞在も可能です。', 6000, 2, '509-5147', '岐阜県土岐市泉郷町X-XX-XX', '012-345-678');
INSERT IGNORE INTO houses (id, name, image_name, description, price, capacity, postal_code, address, phone_number) VALUES (22, '侍屋', 'house02.jpg', '最寄り駅から徒歩10分。自然豊かで閑静な場所にあります。長期滞在も可能です。', 7000, 3, '434-0002', '静岡県浜松市尾野X-XX-XX', '012-345-678');
INSERT IGNORE INTO houses (id, name, image_name, description, price, capacity, postal_code, address, phone_number) VALUES (23, '民宿 侍', 'house03.jpg', '最寄り駅から徒歩10分。自然豊かで閑静な場所にあります。長期滞在も可能です。', 8000, 4, '444-3261', '愛知県豊田市東大林町X-XX-XX', '012-345-678');
INSERT IGNORE INTO houses (id, name, image_name, description, price, capacity, postal_code, address, phone_number) VALUES (24, '侍ハイツ', 'house04.jpg', '最寄り駅から徒歩10分。自然豊かで閑静な場所にあります。長期滞在も可能です。', 9000, 5, '510-0201', '三重県鈴鹿市稲生町X-XX-XX', '012-345-678');
INSERT IGNORE INTO houses (id, name, image_name, description, price, capacity, postal_code, address, phone_number) VALUES (25, 'メゾン侍', 'house05.jpg', '最寄り駅から徒歩10分。自然豊かで閑静な場所にあります。長期滞在も可能です。', 10000, 6, '520-2353', '滋賀県野洲市久野部X-XX-XX', '012-345-678');
INSERT IGNORE INTO houses (id, name, image_name, description, price, capacity, postal_code, address, phone_number) VALUES (26, '侍マンション', 'house06.jpg', '最寄り駅から徒歩10分。自然豊かで閑静な場所にあります。長期滞在も可能です。', 6000, 2, '612-8369', '京都府京都市伏見区村上町X-XX-XX', '012-345-678');
INSERT IGNORE INTO houses (id, name, image_name, description, price, capacity, postal_code, address, phone_number) VALUES (27, 'コーポ侍', 'house07.jpg', '最寄り駅から徒歩10分。自然豊かで閑静な場所にあります。長期滞在も可能です。', 7000, 3, '578-0915', '大阪府東大阪市古箕輪X-XX-XX', '012-345-678');
INSERT IGNORE INTO houses (id, name, image_name, description, price, capacity, postal_code, address, phone_number) VALUES (28, '侍ハイム', 'house08.jpg', '最寄り駅から徒歩10分。自然豊かで閑静な場所にあります。長期滞在も可能です。', 8000, 4, '655-0891', '兵庫県神戸市垂水区山手X-XX-XX', '012-345-678');
INSERT IGNORE INTO houses (id, name, image_name, description, price, capacity, postal_code, address, phone_number) VALUES (29, 'ヴィラ侍', 'house09.jpg', '最寄り駅から徒歩10分。自然豊かで閑静な場所にあります。長期滞在も可能です。', 9000, 5, '630-1126', '奈良県奈良市法用町X-XX-XX', '012-345-678');
INSERT IGNORE INTO houses (id, name, image_name, description, price, capacity, postal_code, address, phone_number) VALUES (30, '侍パレス', 'house10.jpg', '最寄り駅から徒歩10分。自然豊かで閑静な場所にあります。長期滞在も可能です。', 10000, 6, '640-8319', '和歌山県和歌山市手平X-XX-XX', '012-345-678');
INSERT IGNORE INTO houses (id, name, image_name, description, price, capacity, postal_code, address, phone_number) VALUES (31, 'ロッジ 侍', 'house01.jpg', '最寄り駅から徒歩10分。自然豊かで閑静な場所にあります。長期滞在も可能です。', 6000, 2, '689-2203', '鳥取県東伯郡北栄町原X-XX-XX', '012-345-678');
INSERT IGNORE INTO houses (id, name, image_name, description, price, capacity, postal_code, address, phone_number) VALUES (32, '侍館', 'house02.jpg', '最寄り駅から徒歩10分。自然豊かで閑静な場所にあります。長期滞在も可能です。', 7000, 3, '694-0035', '島根県大田市五十猛町X-XX-XX', '012-345-678');
INSERT IGNORE INTO houses (id, name, image_name, description, price, capacity, postal_code, address, phone_number) VALUES (33, '侍山荘', 'house03.jpg', '最寄り駅から徒歩10分。自然豊かで閑静な場所にあります。長期滞在も可能です。', 8000, 4, '712-8036', '岡山県倉敷市水島西弥生町X-XX-XX', '012-345-678');
INSERT IGNORE INTO houses (id, name, image_name, description, price, capacity, postal_code, address, phone_number) VALUES (34, '侍の家', 'house04.jpg', '最寄り駅から徒歩10分。自然豊かで閑静な場所にあります。長期滞在も可能です。', 9000, 5, '726-0011', '広島県府中市広谷町X-XX-XX', '012-345-678');
INSERT IGNORE INTO houses (id, name, image_name, description, price, capacity, postal_code, address, phone_number) VALUES (35, 'さむらいの宿', 'house05.jpg', '最寄り駅から徒歩10分。自然豊かで閑静な場所にあります。長期滞在も可能です。', 10000, 6, '750-0451', '山口県下関市豊田町阿座上X-XX-XX', '012-345-678');
INSERT IGNORE INTO houses (id, name, image_name, description, price, capacity, postal_code, address, phone_number) VALUES (36, 'ペンション さむらい', 'house06.jpg', '最寄り駅から徒歩10分。自然豊かで閑静な場所にあります。長期滞在も可能です。', 6000, 2, '778-0004', '徳島県三好市池田町X-XX-XX', '012-345-678');
INSERT IGNORE INTO houses (id, name, image_name, description, price, capacity, postal_code, address, phone_number) VALUES (37, 'さむらい荘', 'house07.jpg', '最寄り駅から徒歩10分。自然豊かで閑静な場所にあります。長期滞在も可能です。', 7000, 3, '762-0067', '香川県坂出市瀬居町X-XX-XX', '012-345-678');
INSERT IGNORE INTO houses (id, name, image_name, description, price, capacity, postal_code, address, phone_number) VALUES (38, 'ゲストハウス さむらい', 'house08.jpg', '最寄り駅から徒歩10分。自然豊かで閑静な場所にあります。長期滞在も可能です。', 8000, 4, '792-0828', '愛媛県新居浜市松原町X-XX-XX', '012-345-678');
INSERT IGNORE INTO houses (id, name, image_name, description, price, capacity, postal_code, address, phone_number) VALUES (39, 'さむらい屋', 'house09.jpg', '最寄り駅から徒歩10分。自然豊かで閑静な場所にあります。長期滞在も可能です。', 9000, 5, '787-1323', '高知県四万十市西土佐中半X-XX-XX', '012-345-678');
INSERT IGNORE INTO houses (id, name, image_name, description, price, capacity, postal_code, address, phone_number) VALUES (40, '民宿 さむらい', 'house10.jpg', '最寄り駅から徒歩10分。自然豊かで閑静な場所にあります。長期滞在も可能です。', 10000, 6, '835-0018', '福岡県みやま市瀬高町高柳X-XX-XX', '012-345-678');
INSERT IGNORE INTO houses (id, name, image_name, description, price, capacity, postal_code, address, phone_number) VALUES (41, 'さむらいハイツ', 'house01.jpg', '最寄り駅から徒歩10分。自然豊かで閑静な場所にあります。長期滞在も可能です。', 6000, 2, '840-0213', '佐賀県佐賀市大和町久留間X-XX-XX', '012-345-678');
INSERT IGNORE INTO houses (id, name, image_name, description, price, capacity, postal_code, address, phone_number) VALUES (42, 'メゾンさむらい', 'house02.jpg', '最寄り駅から徒歩10分。自然豊かで閑静な場所にあります。長期滞在も可能です。', 7000, 3, '852-8104', '長崎県長崎市茂里町X-XX-XX', '012-345-678');
INSERT IGNORE INTO houses (id, name, image_name, description, price, capacity, postal_code, address, phone_number) VALUES (43, 'さむらいマンション', 'house03.jpg', '最寄り駅から徒歩10分。自然豊かで閑静な場所にあります。長期滞在も可能です。', 8000, 4, '863-0021', '熊本県天草市港町X-XX-XX', '012-345-678');
INSERT IGNORE INTO houses (id, name, image_name, description, price, capacity, postal_code, address, phone_number) VALUES (44, 'コーポさむらい', 'house04.jpg', '最寄り駅から徒歩10分。自然豊かで閑静な場所にあります。長期滞在も可能です。', 9000, 5, '872-0014', '大分県宇佐市南鶴田新田X-XX-XX', '012-345-678');
INSERT IGNORE INTO houses (id, name, image_name, description, price, capacity, postal_code, address, phone_number) VALUES (45, 'さむらいハイム', 'house05.jpg', '最寄り駅から徒歩10分。自然豊かで閑静な場所にあります。長期滞在も可能です。', 10000, 6, '880-0947', '宮崎県宮崎市薫る坂X-XX-XX', '012-345-678');
INSERT IGNORE INTO houses (id, name, image_name, description, price, capacity, postal_code, address, phone_number) VALUES (46, 'ヴィラさむらい', 'house06.jpg', '最寄り駅から徒歩10分。自然豊かで閑静な場所にあります。長期滞在も可能です。', 6000, 2, '895-2103', '鹿児島県薩摩郡さつま町紫尾X-XX-XX', '012-345-678');
INSERT IGNORE INTO houses (id, name, image_name, description, price, capacity, postal_code, address, phone_number) VALUES (47, 'さむらいパレス', 'house07.jpg', '最寄り駅から徒歩10分。自然豊かで閑静な場所にあります。長期滞在も可能です。', 7000, 3, '904-2165', '沖縄県沖縄市宮里X-XX-XX', '012-345-678');
INSERT IGNORE INTO houses (id, name, image_name, description, price, capacity, postal_code, address, phone_number) VALUES (48, 'ロッジ さむらい', 'house08.jpg', '最寄り駅から徒歩10分。自然豊かで閑静な場所にあります。長期滞在も可能です。', 8000, 4, '041-1121', '北海道亀田郡七飯町大中山X-XX-XX', '012-345-678');
INSERT IGNORE INTO houses (id, name, image_name, description, price, capacity, postal_code, address, phone_number) VALUES (49, 'さむらい館', 'house09.jpg', '最寄り駅から徒歩10分。自然豊かで閑静な場所にあります。長期滞在も可能です。', 9000, 5, '095-0019', '北海道士別市大通東X-XX-XX', '012-345-678');
INSERT IGNORE INTO houses (id, name, image_name, description, price, capacity, postal_code, address, phone_number) VALUES (50, 'さむらい山荘', 'house10.jpg', '最寄り駅から徒歩10分。自然豊かで閑静な場所にあります。長期滞在も可能です。', 10000, 6, '099-0423', '北海道紋別郡遠軽町若松X-XX-XX', '012-345-678');
INSERT IGNORE INTO houses (id, name, image_name, description, price, capacity, postal_code, address, phone_number) VALUES (51, 'さむらいの家', 'house01.jpg', '最寄り駅から徒歩10分。自然豊かで閑静な場所にあります。長期滞在も可能です。', 6000, 2, '089-0533', '北海道中川郡幕別町札内新北町X-XX-XX', '012-345-678');
INSERT IGNORE INTO houses (id, name, image_name, description, price, capacity, postal_code, address, phone_number) VALUES (52, 'サムライの宿', 'house02.jpg', '最寄り駅から徒歩10分。自然豊かで閑静な場所にあります。長期滞在も可能です。', 7000, 3, '049-3514', '北海道山越郡長万部町富野X-XX-XX', '012-345-678');
INSERT IGNORE INTO houses (id, name, image_name, description, price, capacity, postal_code, address, phone_number) VALUES (53, 'ペンション サムライ', 'house03.jpg', '最寄り駅から徒歩10分。自然豊かで閑静な場所にあります。長期滞在も可能です。', 8000, 4, '066-0018', '北海道千歳市旭ヶ丘X-XX-XX', '012-345-678');
INSERT IGNORE INTO houses (id, name, image_name, description, price, capacity, postal_code, address, phone_number) VALUES (54, 'サムライ荘', 'house04.jpg', '最寄り駅から徒歩10分。自然豊かで閑静な場所にあります。長期滞在も可能です。', 9000, 5, '003-0804', '北海道札幌市白石区菊水四条X-XX-XX', '012-345-678');
INSERT IGNORE INTO houses (id, name, image_name, description, price, capacity, postal_code, address, phone_number) VALUES (55, 'ゲストハウス サムライ', 'house05.jpg', '最寄り駅から徒歩10分。自然豊かで閑静な場所にあります。長期滞在も可能です。', 10000, 6, '042-0908', '北海道函館市銅山町X-XX-XX', '012-345-678');
INSERT IGNORE INTO houses (id, name, image_name, description, price, capacity, postal_code, address, phone_number) VALUES (56, 'サムライ屋', 'house06.jpg', '最寄り駅から徒歩10分。自然豊かで閑静な場所にあります。長期滞在も可能です。', 6000, 2, '050-0061', '北海道室蘭市八丁平X-XX-XX', '012-345-678');
INSERT IGNORE INTO houses (id, name, image_name, description, price, capacity, postal_code, address, phone_number) VALUES (57, '民宿 サムライ', 'house07.jpg', '最寄り駅から徒歩10分。自然豊かで閑静な場所にあります。長期滞在も可能です。', 7000, 3, '059-0027', '北海道登別市青葉町X-XX-XX', '012-345-678');

-- foodテーブル
INSERT IGNORE INTO `weekmenu_db`.`food` (`id`, `name`, `price`) VALUES (1, '人参', 50);
INSERT IGNORE INTO `weekmenu_db`.`food` (`id`, `name`, `price`) VALUES (2, 'ジャガイモ', 50);
INSERT IGNORE INTO `weekmenu_db`.`food` (`id`, `name`, `price`) VALUES (3, 'ブロッコリー1/2', 100);
INSERT IGNORE INTO `weekmenu_db`.`food` (`id`, `name`, `price`) VALUES (4, '玉ねぎ', 100);
INSERT IGNORE INTO `weekmenu_db`.`food` (`id`, `name`, `price`) VALUES (5, 'ピーマン', 100);
INSERT IGNORE INTO `weekmenu_db`.`food` (`id`, `name`, `price`) VALUES (6, 'トマト缶', 100);
INSERT IGNORE INTO `weekmenu_db`.`food` (`id`, `name`, `price`) VALUES (7, '鶏胸肉100g', 100);
INSERT IGNORE INTO `weekmenu_db`.`food` (`id`, `name`, `price`) VALUES (8, '豚バラ100g', 200);
INSERT IGNORE INTO `weekmenu_db`.`food` (`id`, `name`, `price`) VALUES (9, '鶏ももひき肉150g', 200);
INSERT IGNORE INTO `weekmenu_db`.`food` (`id`, `name`, `price`) VALUES (10, 'セロリ', 100);
INSERT IGNORE INTO `weekmenu_db`.`food` (`id`, `name`, `price`) VALUES (11, '絹豆腐150g', 50);
INSERT IGNORE INTO `weekmenu_db`.`food` (`id`, `name`, `price`) VALUES (12, '茄子',100);
INSERT IGNORE INTO `weekmenu_db`.`food` (`id`, `name`, `price`) VALUES (13, '蓮根100g', 100);
INSERT IGNORE INTO `weekmenu_db`.`food` (`id`, `name`, `price`) VALUES (14, '木綿豆腐150g', 50);
INSERT IGNORE INTO `weekmenu_db`.`food` (`id`, `name`, `price`) VALUES (15, '大根1/2', 100);
INSERT IGNORE INTO `weekmenu_db`.`food` (`id`, `name`, `price`) VALUES (16, '糸こんにゃく', 50);
INSERT IGNORE INTO `weekmenu_db`.`food` (`id`, `name`, `price`) VALUES (17,'卵1個', 40);
INSERT IGNORE INTO `weekmenu_db`.`food` (`id`, `name`, `price`) VALUES (18, 'シーフードミックス100g', 200);
INSERT IGNORE INTO `weekmenu_db`.`food` (`id`, `name`, `price`) VALUES (19, 'キャベツ1/2', 100);
INSERT IGNORE INTO `weekmenu_db`.`food` (`id`, `name`, `price`) VALUES (20, 'きゅうり', 50);
INSERT IGNORE INTO `weekmenu_db`.`food` (`id`, `name`, `price`) VALUES (21, 'トマト', 150);
INSERT IGNORE INTO `weekmenu_db`.`food` (`id`, `name`, `price`) VALUES (22, '白ネギ', 100);
INSERT IGNORE INTO `weekmenu_db`.`food` (`id`, `name`, `price`) VALUES (23, 'アボカド', 100);
INSERT IGNORE INTO `weekmenu_db`.`food` (`id`, `name`, `price`) VALUES (24, '鶏もも100g', 200);
INSERT IGNORE INTO `weekmenu_db`.`food` (`id`, `name`, `price`) VALUES (25, '鱈2切', 250);
INSERT IGNORE INTO `weekmenu_db`.`food` (`id`, `name`, `price`) VALUES (26, 'もやし1/2', 50);
INSERT IGNORE INTO `weekmenu_db`.`food` (`id`, `name`, `price`) VALUES (27, 'ほうれん草1/2', 50);



-- recipeテーブル
INSERT IGNORE INTO `weekmenu_db`.`recipe` (`id`, `name`) VALUES (1, '肉じゃが');
INSERT IGNORE INTO `weekmenu_db`.`recipe` (`id`, `name`) VALUES (2, 'ポークビンダルー');
INSERT IGNORE INTO `weekmenu_db`.`recipe` (`id`, `name`) VALUES (3, 'カオマンガイ');
INSERT IGNORE INTO `weekmenu_db`.`recipe` (`id`, `name`) VALUES (4, 'ロコモコ丼');
INSERT IGNORE INTO `weekmenu_db`.`recipe` (`id`, `name`) VALUES (5, 'タコライス');
INSERT IGNORE INTO `weekmenu_db`.`recipe` (`id`, `name`) VALUES (6, '餃子');
INSERT IGNORE INTO `weekmenu_db`.`recipe` (`id`, `name`) VALUES (7, 'キーマカレー');
INSERT IGNORE INTO `weekmenu_db`.`recipe` (`id`, `name`) VALUES (8, 'ガパオライス');
INSERT IGNORE INTO `weekmenu_db`.`recipe` (`id`, `name`) VALUES (9, '麻婆茄子');
INSERT IGNORE INTO `weekmenu_db`.`recipe` (`id`, `name`) VALUES (10, 'お好み焼き');
INSERT IGNORE INTO `weekmenu_db`.`recipe` (`id`, `name`) VALUES (11, 'ミネストローネ');
INSERT IGNORE INTO `weekmenu_db`.`recipe` (`id`, `name`) VALUES (12, '生姜焼き');
INSERT IGNORE INTO `weekmenu_db`.`recipe` (`id`, `name`) VALUES (13, '親子丼');
INSERT IGNORE INTO `weekmenu_db`.`recipe` (`id`, `name`) VALUES (14, 'おでん');
INSERT IGNORE INTO `weekmenu_db`.`recipe` (`id`, `name`) VALUES (15, 'ペスカトーレ');
INSERT IGNORE INTO `weekmenu_db`.`recipe` (`id`, `name`) VALUES (16, '肉巻き野菜');
INSERT IGNORE INTO `weekmenu_db`.`recipe` (`id`, `name`) VALUES (17, 'ポトフ');
INSERT IGNORE INTO `weekmenu_db`.`recipe` (`id`, `name`) VALUES (18, 'アクアパッツア');
INSERT IGNORE INTO `weekmenu_db`.`recipe` (`id`, `name`) VALUES (19, 'ルーローハン');
INSERT IGNORE INTO `weekmenu_db`.`recipe` (`id`, `name`) VALUES (20, 'ビビンバ');

-- recipe_foodテーブル
INSERT IGNORE INTO `weekmenu_db`.`recipe_food` (`id`, `recipe_id`, `food_id`, `piece`) VALUES (1, 1, 1, 1);
INSERT IGNORE INTO `weekmenu_db`.`recipe_food` (`id`, `recipe_id`, `food_id`, `piece`) VALUES (2, 1, 2, 1);
INSERT IGNORE INTO `weekmenu_db`.`recipe_food` (`id`, `recipe_id`, `food_id`, `piece`) VALUES (3, 1, 4, 1);
INSERT IGNORE INTO `weekmenu_db`.`recipe_food` (`id`, `recipe_id`, `food_id`, `piece`) VALUES (4, 1, 8, 1);
INSERT IGNORE INTO `weekmenu_db`.`recipe_food` (`id`, `recipe_id`, `food_id`, `piece`) VALUES (5, 2, 4, 2);
INSERT IGNORE INTO `weekmenu_db`.`recipe_food` (`id`, `recipe_id`, `food_id`, `piece`) VALUES (6, 2, 8, 1);
INSERT IGNORE INTO `weekmenu_db`.`recipe_food` (`id`, `recipe_id`, `food_id`, `piece`) VALUES (7, 3, 7, 1);
INSERT IGNORE INTO `weekmenu_db`.`recipe_food` (`id`, `recipe_id`, `food_id`, `piece`) VALUES (8, 3, 20, 1);
INSERT IGNORE INTO `weekmenu_db`.`recipe_food` (`id`, `recipe_id`, `food_id`, `piece`) VALUES (9, 3, 22, 1);
INSERT IGNORE INTO `weekmenu_db`.`recipe_food` (`id`, `recipe_id`, `food_id`, `piece`) VALUES (10, 4, 9, 1);
INSERT IGNORE INTO `weekmenu_db`.`recipe_food` (`id`, `recipe_id`, `food_id`, `piece`) VALUES (11, 4, 4, 1);
INSERT IGNORE INTO `weekmenu_db`.`recipe_food` (`id`, `recipe_id`, `food_id`, `piece`) VALUES (12, 4, 1, 1);
INSERT IGNORE INTO `weekmenu_db`.`recipe_food` (`id`, `recipe_id`, `food_id`, `piece`) VALUES (13, 4, 17, 1);
INSERT IGNORE INTO `weekmenu_db`.`recipe_food` (`id`, `recipe_id`, `food_id`, `piece`) VALUES (14, 5, 9, 1);
INSERT IGNORE INTO `weekmenu_db`.`recipe_food` (`id`, `recipe_id`, `food_id`, `piece`) VALUES (15, 5, 21, 1);
INSERT IGNORE INTO `weekmenu_db`.`recipe_food` (`id`, `recipe_id`, `food_id`, `piece`) VALUES (16, 5, 4, 1);
INSERT IGNORE INTO `weekmenu_db`.`recipe_food` (`id`, `recipe_id`, `food_id`, `piece`) VALUES (17, 6, 9, 1);
INSERT IGNORE INTO `weekmenu_db`.`recipe_food` (`id`, `recipe_id`, `food_id`, `piece`) VALUES (17, 6, 19, 1);
INSERT IGNORE INTO `weekmenu_db`.`recipe_food` (`id`, `recipe_id`, `food_id`, `piece`) VALUES (18, 7, 9, 1);
INSERT IGNORE INTO `weekmenu_db`.`recipe_food` (`id`, `recipe_id`, `food_id`, `piece`) VALUES (19, 7, 4, 2);
INSERT IGNORE INTO `weekmenu_db`.`recipe_food` (`id`, `recipe_id`, `food_id`, `piece`) VALUES (20, 7, 6, 1);
INSERT IGNORE INTO `weekmenu_db`.`recipe_food` (`id`, `recipe_id`, `food_id`, `piece`) VALUES (21, 7, 1, 1);
INSERT IGNORE INTO `weekmenu_db`.`recipe_food` (`id`, `recipe_id`, `food_id`, `piece`) VALUES (22, 8, 9, 1);
INSERT IGNORE INTO `weekmenu_db`.`recipe_food` (`id`, `recipe_id`, `food_id`, `piece`) VALUES (23, 8, 4, 1);
INSERT IGNORE INTO `weekmenu_db`.`recipe_food` (`id`, `recipe_id`, `food_id`, `piece`) VALUES (24, 8, 1, 1);
INSERT IGNORE INTO `weekmenu_db`.`recipe_food` (`id`, `recipe_id`, `food_id`, `piece`) VALUES (24, 8, 17, 1);
INSERT IGNORE INTO `weekmenu_db`.`recipe_food` (`id`, `recipe_id`, `food_id`, `piece`) VALUES (25, 9, 12, 1);
INSERT IGNORE INTO `weekmenu_db`.`recipe_food` (`id`, `recipe_id`, `food_id`, `piece`) VALUES (26, 9, 9, 1);
INSERT IGNORE INTO `weekmenu_db`.`recipe_food` (`id`, `recipe_id`, `food_id`, `piece`) VALUES (27, 9, 4, 1);
INSERT IGNORE INTO `weekmenu_db`.`recipe_food` (`id`, `recipe_id`, `food_id`, `piece`) VALUES (28, 10, 8, 1);
INSERT IGNORE INTO `weekmenu_db`.`recipe_food` (`id`, `recipe_id`, `food_id`, `piece`) VALUES (29, 10, 19, 1);
INSERT IGNORE INTO `weekmenu_db`.`recipe_food` (`id`, `recipe_id`, `food_id`, `piece`) VALUES (30, 11, 1, 1);
INSERT IGNORE INTO `weekmenu_db`.`recipe_food` (`id`, `recipe_id`, `food_id`, `piece`) VALUES (31, 11, 6, 1);
INSERT IGNORE INTO `weekmenu_db`.`recipe_food` (`id`, `recipe_id`, `food_id`, `piece`) VALUES (32, 11, 10, 1);
INSERT IGNORE INTO `weekmenu_db`.`recipe_food` (`id`, `recipe_id`, `food_id`, `piece`) VALUES (33, 11, 4, 2);
INSERT IGNORE INTO `weekmenu_db`.`recipe_food` (`id`, `recipe_id`, `food_id`, `piece`) VALUES (34, 12, 4, 1);
INSERT IGNORE INTO `weekmenu_db`.`recipe_food` (`id`, `recipe_id`, `food_id`, `piece`) VALUES (35, 12, 8, 1);
INSERT IGNORE INTO `weekmenu_db`.`recipe_food` (`id`, `recipe_id`, `food_id`, `piece`) VALUES (36, 13, 17, 2);
INSERT IGNORE INTO `weekmenu_db`.`recipe_food` (`id`, `recipe_id`, `food_id`, `piece`) VALUES (37, 13, 4, 1);
INSERT IGNORE INTO `weekmenu_db`.`recipe_food` (`id`, `recipe_id`, `food_id`, `piece`) VALUES (38, 13, 24, 1);
INSERT IGNORE INTO `weekmenu_db`.`recipe_food` (`id`, `recipe_id`, `food_id`, `piece`) VALUES (39, 14, 15, 1);
INSERT IGNORE INTO `weekmenu_db`.`recipe_food` (`id`, `recipe_id`, `food_id`, `piece`) VALUES (40, 14, 16, 1);
INSERT IGNORE INTO `weekmenu_db`.`recipe_food` (`id`, `recipe_id`, `food_id`, `piece`) VALUES (41, 14, 17, 2);
INSERT IGNORE INTO `weekmenu_db`.`recipe_food` (`id`, `recipe_id`, `food_id`, `piece`) VALUES (42, 14, 14, 1);
INSERT IGNORE INTO `weekmenu_db`.`recipe_food` (`id`, `recipe_id`, `food_id`, `piece`) VALUES (43, 15, 18, 1);
INSERT IGNORE INTO `weekmenu_db`.`recipe_food` (`id`, `recipe_id`, `food_id`, `piece`) VALUES (44, 15, 6, 1);
INSERT IGNORE INTO `weekmenu_db`.`recipe_food` (`id`, `recipe_id`, `food_id`, `piece`) VALUES (45, 16, 12, 1);
INSERT IGNORE INTO `weekmenu_db`.`recipe_food` (`id`, `recipe_id`, `food_id`, `piece`) VALUES (46, 16, 8, 1);
INSERT IGNORE INTO `weekmenu_db`.`recipe_food` (`id`, `recipe_id`, `food_id`, `piece`) VALUES (47, 17, 1, 1);
INSERT IGNORE INTO `weekmenu_db`.`recipe_food` (`id`, `recipe_id`, `food_id`, `piece`) VALUES (48, 17, 2, 1);
INSERT IGNORE INTO `weekmenu_db`.`recipe_food` (`id`, `recipe_id`, `food_id`, `piece`) VALUES (49, 17, 4, 1);
INSERT IGNORE INTO `weekmenu_db`.`recipe_food` (`id`, `recipe_id`, `food_id`, `piece`) VALUES (50, 18, 25, 1);
INSERT IGNORE INTO `weekmenu_db`.`recipe_food` (`id`, `recipe_id`, `food_id`, `piece`) VALUES (51, 18, 21, 1);
INSERT IGNORE INTO `weekmenu_db`.`recipe_food` (`id`, `recipe_id`, `food_id`, `piece`) VALUES (52, 18, 4, 1);
INSERT IGNORE INTO `weekmenu_db`.`recipe_food` (`id`, `recipe_id`, `food_id`, `piece`) VALUES (53, 19, 8, 1);
INSERT IGNORE INTO `weekmenu_db`.`recipe_food` (`id`, `recipe_id`, `food_id`, `piece`) VALUES (54, 19, 4, 1);
INSERT IGNORE INTO `weekmenu_db`.`recipe_food` (`id`, `recipe_id`, `food_id`, `piece`) VALUES (55, 19, 17, 1);
INSERT IGNORE INTO `weekmenu_db`.`recipe_food` (`id`, `recipe_id`, `food_id`, `piece`) VALUES (56, 20, 1, 1);
INSERT IGNORE INTO `weekmenu_db`.`recipe_food` (`id`, `recipe_id`, `food_id`, `piece`) VALUES (57, 20, 26, 1);
INSERT IGNORE INTO `weekmenu_db`.`recipe_food` (`id`, `recipe_id`, `food_id`, `piece`) VALUES (58, 20, 27, 1);
INSERT IGNORE INTO `weekmenu_db`.`recipe_food` (`id`, `recipe_id`, `food_id`, `piece`) VALUES (59, 20, 9, 1);
INSERT IGNORE INTO `weekmenu_db`.`recipe_food` (`id`, `recipe_id`, `food_id`, `piece`) VALUES (60, 5, 23, 1);
