-- foodテーブル
INSERT IGNORE INTO `food` (`id`, `name`, `price`) VALUES (1, '人参', 50);
INSERT IGNORE INTO `food` (`id`, `name`, `price`) VALUES (2, 'ジャガイモ', 50);
INSERT IGNORE INTO `food` (`id`, `name`, `price`) VALUES (3, 'ブロッコリー1/2', 100);
INSERT IGNORE INTO `food` (`id`, `name`, `price`) VALUES (4, '玉ねぎ', 100);
INSERT IGNORE INTO `food` (`id`, `name`, `price`) VALUES (5, 'ピーマン', 100);
INSERT IGNORE INTO `food` (`id`, `name`, `price`) VALUES (6, 'トマト缶', 100);
INSERT IGNORE INTO `food` (`id`, `name`, `price`) VALUES (7, '鶏胸肉100g', 100);
INSERT IGNORE INTO `food` (`id`, `name`, `price`) VALUES (8, '豚バラ100g', 200);
INSERT IGNORE INTO `food` (`id`, `name`, `price`) VALUES (9, '鶏ももひき肉150g', 200);
INSERT IGNORE INTO `food` (`id`, `name`, `price`) VALUES (10, 'セロリ', 100);
INSERT IGNORE INTO `food` (`id`, `name`, `price`) VALUES (11, '絹豆腐150g', 50);
INSERT IGNORE INTO `food` (`id`, `name`, `price`) VALUES (12, '茄子',100);
INSERT IGNORE INTO `food` (`id`, `name`, `price`) VALUES (13, '蓮根100g', 100);
INSERT IGNORE INTO `food` (`id`, `name`, `price`) VALUES (14, '木綿豆腐150g', 50);
INSERT IGNORE INTO `food` (`id`, `name`, `price`) VALUES (15, '大根1/2', 100);
INSERT IGNORE INTO `food` (`id`, `name`, `price`) VALUES (16, '糸こんにゃく', 50);
INSERT IGNORE INTO `food` (`id`, `name`, `price`) VALUES (17,'卵1個', 40);
INSERT IGNORE INTO `food` (`id`, `name`, `price`) VALUES (18, 'シーフードミックス100g', 200);
INSERT IGNORE INTO `food` (`id`, `name`, `price`) VALUES (19, 'キャベツ1/2', 100);
INSERT IGNORE INTO `food` (`id`, `name`, `price`) VALUES (20, 'きゅうり', 50);
INSERT IGNORE INTO `food` (`id`, `name`, `price`) VALUES (21, 'トマト', 150);
INSERT IGNORE INTO `food` (`id`, `name`, `price`) VALUES (22, '白ネギ', 100);
INSERT IGNORE INTO `food` (`id`, `name`, `price`) VALUES (23, 'アボカド', 100);
INSERT IGNORE INTO `food` (`id`, `name`, `price`) VALUES (24, '鶏もも100g', 200);
INSERT IGNORE INTO `food` (`id`, `name`, `price`) VALUES (25, '鱈2切', 250);
INSERT IGNORE INTO `food` (`id`, `name`, `price`) VALUES (26, 'もやし1/2', 50);
INSERT IGNORE INTO `food` (`id`, `name`, `price`) VALUES (27, 'ほうれん草1/2', 50);
-- recipeテーブル
INSERT IGNORE INTO `recipe` (`id`, `name`) VALUES (1, '肉じゃが');
INSERT IGNORE INTO `recipe` (`id`, `name`) VALUES (2, 'ポークビンダルー');
INSERT IGNORE INTO `recipe` (`id`, `name`) VALUES (3, 'カオマンガイ');
INSERT IGNORE INTO `recipe` (`id`, `name`) VALUES (4, 'ロコモコ丼');
INSERT IGNORE INTO `recipe` (`id`, `name`) VALUES (5, 'タコライス');
INSERT IGNORE INTO `recipe` (`id`, `name`) VALUES (6, '餃子');
INSERT IGNORE INTO `recipe` (`id`, `name`) VALUES (7, 'キーマカレー');
INSERT IGNORE INTO `recipe` (`id`, `name`) VALUES (8, 'ガパオライス');
INSERT IGNORE INTO `recipe` (`id`, `name`) VALUES (9, '麻婆茄子');
INSERT IGNORE INTO `recipe` (`id`, `name`) VALUES (10, 'お好み焼き');
INSERT IGNORE INTO `recipe` (`id`, `name`) VALUES (11, 'ミネストローネ');
INSERT IGNORE INTO `recipe` (`id`, `name`) VALUES (12, '生姜焼き');
INSERT IGNORE INTO `recipe` (`id`, `name`) VALUES (13, '親子丼');
INSERT IGNORE INTO `recipe` (`id`, `name`) VALUES (14, 'おでん');
INSERT IGNORE INTO `recipe` (`id`, `name`) VALUES (15, 'ペスカトーレ');
INSERT IGNORE INTO `recipe` (`id`, `name`) VALUES (16, '肉巻き野菜');
INSERT IGNORE INTO `recipe` (`id`, `name`) VALUES (17, 'ポトフ');
INSERT IGNORE INTO `recipe` (`id`, `name`) VALUES (18, 'アクアパッツア');
INSERT IGNORE INTO `recipe` (`id`, `name`) VALUES (19, 'ルーローハン');
INSERT IGNORE INTO `recipe` (`id`, `name`) VALUES (20, 'ビビンバ');
-- recipe_foodテーブル
INSERT IGNORE INTO `recipe_food` (`id`, `recipe_id`, `food_id`, `piece`) VALUES (1, 1, 1, 1);
INSERT IGNORE INTO `recipe_food` (`id`, `recipe_id`, `food_id`, `piece`) VALUES (2, 1, 2, 1);
INSERT IGNORE INTO `recipe_food` (`id`, `recipe_id`, `food_id`, `piece`) VALUES (3, 1, 4, 1);
INSERT IGNORE INTO `recipe_food` (`id`, `recipe_id`, `food_id`, `piece`) VALUES (4, 1, 8, 1);
INSERT IGNORE INTO `recipe_food` (`id`, `recipe_id`, `food_id`, `piece`) VALUES (5, 2, 4, 2);
INSERT IGNORE INTO `recipe_food` (`id`, `recipe_id`, `food_id`, `piece`) VALUES (6, 2, 8, 1);
INSERT IGNORE INTO `recipe_food` (`id`, `recipe_id`, `food_id`, `piece`) VALUES (7, 3, 7, 1);
INSERT IGNORE INTO `recipe_food` (`id`, `recipe_id`, `food_id`, `piece`) VALUES (8, 3, 20, 1);
INSERT IGNORE INTO `recipe_food` (`id`, `recipe_id`, `food_id`, `piece`) VALUES (9, 3, 22, 1);
INSERT IGNORE INTO `recipe_food` (`id`, `recipe_id`, `food_id`, `piece`) VALUES (10, 4, 9, 1);
INSERT IGNORE INTO `recipe_food` (`id`, `recipe_id`, `food_id`, `piece`) VALUES (11, 4, 4, 1);
INSERT IGNORE INTO `recipe_food` (`id`, `recipe_id`, `food_id`, `piece`) VALUES (12, 4, 1, 1);
INSERT IGNORE INTO `recipe_food` (`id`, `recipe_id`, `food_id`, `piece`) VALUES (13, 4, 17, 1);
INSERT IGNORE INTO `recipe_food` (`id`, `recipe_id`, `food_id`, `piece`) VALUES (14, 5, 9, 1);
INSERT IGNORE INTO `recipe_food` (`id`, `recipe_id`, `food_id`, `piece`) VALUES (15, 5, 21, 1);
INSERT IGNORE INTO `recipe_food` (`id`, `recipe_id`, `food_id`, `piece`) VALUES (16, 5, 4, 1);
INSERT IGNORE INTO `recipe_food` (`id`, `recipe_id`, `food_id`, `piece`) VALUES (17, 6, 9, 1);
INSERT IGNORE INTO `recipe_food` (`id`, `recipe_id`, `food_id`, `piece`) VALUES (17, 6, 19, 1);
INSERT IGNORE INTO `recipe_food` (`id`, `recipe_id`, `food_id`, `piece`) VALUES (18, 7, 9, 1);
INSERT IGNORE INTO `recipe_food` (`id`, `recipe_id`, `food_id`, `piece`) VALUES (19, 7, 4, 2);
INSERT IGNORE INTO `recipe_food` (`id`, `recipe_id`, `food_id`, `piece`) VALUES (20, 7, 6, 1);
INSERT IGNORE INTO `recipe_food` (`id`, `recipe_id`, `food_id`, `piece`) VALUES (21, 7, 1, 1);
INSERT IGNORE INTO `recipe_food` (`id`, `recipe_id`, `food_id`, `piece`) VALUES (22, 8, 9, 1);
INSERT IGNORE INTO `recipe_food` (`id`, `recipe_id`, `food_id`, `piece`) VALUES (23, 8, 4, 1);
INSERT IGNORE INTO `recipe_food` (`id`, `recipe_id`, `food_id`, `piece`) VALUES (24, 8, 1, 1);
INSERT IGNORE INTO `recipe_food` (`id`, `recipe_id`, `food_id`, `piece`) VALUES (24, 8, 17, 1);
INSERT IGNORE INTO `recipe_food` (`id`, `recipe_id`, `food_id`, `piece`) VALUES (25, 9, 12, 1);
INSERT IGNORE INTO `recipe_food` (`id`, `recipe_id`, `food_id`, `piece`) VALUES (26, 9, 9, 1);
INSERT IGNORE INTO `recipe_food` (`id`, `recipe_id`, `food_id`, `piece`) VALUES (27, 9, 4, 1);
INSERT IGNORE INTO `recipe_food` (`id`, `recipe_id`, `food_id`, `piece`) VALUES (28, 10, 8, 1);
INSERT IGNORE INTO `recipe_food` (`id`, `recipe_id`, `food_id`, `piece`) VALUES (29, 10, 19, 1);
INSERT IGNORE INTO `recipe_food` (`id`, `recipe_id`, `food_id`, `piece`) VALUES (30, 11, 1, 1);
INSERT IGNORE INTO `recipe_food` (`id`, `recipe_id`, `food_id`, `piece`) VALUES (31, 11, 6, 1);
INSERT IGNORE INTO `recipe_food` (`id`, `recipe_id`, `food_id`, `piece`) VALUES (32, 11, 10, 1);
INSERT IGNORE INTO `recipe_food` (`id`, `recipe_id`, `food_id`, `piece`) VALUES (33, 11, 4, 2);
INSERT IGNORE INTO `recipe_food` (`id`, `recipe_id`, `food_id`, `piece`) VALUES (34, 12, 4, 1);
INSERT IGNORE INTO `recipe_food` (`id`, `recipe_id`, `food_id`, `piece`) VALUES (35, 12, 8, 1);
INSERT IGNORE INTO `recipe_food` (`id`, `recipe_id`, `food_id`, `piece`) VALUES (36, 13, 17, 2);
INSERT IGNORE INTO `recipe_food` (`id`, `recipe_id`, `food_id`, `piece`) VALUES (37, 13, 4, 1);
INSERT IGNORE INTO `recipe_food` (`id`, `recipe_id`, `food_id`, `piece`) VALUES (38, 13, 24, 1);
INSERT IGNORE INTO `recipe_food` (`id`, `recipe_id`, `food_id`, `piece`) VALUES (39, 14, 15, 1);
INSERT IGNORE INTO `recipe_food` (`id`, `recipe_id`, `food_id`, `piece`) VALUES (40, 14, 16, 1);
INSERT IGNORE INTO `recipe_food` (`id`, `recipe_id`, `food_id`, `piece`) VALUES (41, 14, 17, 2);
INSERT IGNORE INTO `recipe_food` (`id`, `recipe_id`, `food_id`, `piece`) VALUES (42, 14, 14, 1);
INSERT IGNORE INTO `recipe_food` (`id`, `recipe_id`, `food_id`, `piece`) VALUES (43, 15, 18, 1);
INSERT IGNORE INTO `recipe_food` (`id`, `recipe_id`, `food_id`, `piece`) VALUES (44, 15, 6, 1);
INSERT IGNORE INTO `recipe_food` (`id`, `recipe_id`, `food_id`, `piece`) VALUES (45, 16, 12, 1);
INSERT IGNORE INTO `recipe_food` (`id`, `recipe_id`, `food_id`, `piece`) VALUES (46, 16, 8, 1);
INSERT IGNORE INTO `recipe_food` (`id`, `recipe_id`, `food_id`, `piece`) VALUES (47, 17, 1, 1);
INSERT IGNORE INTO `recipe_food` (`id`, `recipe_id`, `food_id`, `piece`) VALUES (48, 17, 2, 1);
INSERT IGNORE INTO `recipe_food` (`id`, `recipe_id`, `food_id`, `piece`) VALUES (49, 17, 4, 1);
INSERT IGNORE INTO `recipe_food` (`id`, `recipe_id`, `food_id`, `piece`) VALUES (50, 18, 25, 1);
INSERT IGNORE INTO `recipe_food` (`id`, `recipe_id`, `food_id`, `piece`) VALUES (51, 18, 21, 1);
INSERT IGNORE INTO `recipe_food` (`id`, `recipe_id`, `food_id`, `piece`) VALUES (52, 18, 4, 1);
INSERT IGNORE INTO `recipe_food` (`id`, `recipe_id`, `food_id`, `piece`) VALUES (53, 19, 8, 1);
INSERT IGNORE INTO `recipe_food` (`id`, `recipe_id`, `food_id`, `piece`) VALUES (54, 19, 4, 1);
INSERT IGNORE INTO `recipe_food` (`id`, `recipe_id`, `food_id`, `piece`) VALUES (55, 19, 17, 1);
INSERT IGNORE INTO `recipe_food` (`id`, `recipe_id`, `food_id`, `piece`) VALUES (56, 20, 1, 1);
INSERT IGNORE INTO `recipe_food` (`id`, `recipe_id`, `food_id`, `piece`) VALUES (57, 20, 26, 1);
INSERT IGNORE INTO `recipe_food` (`id`, `recipe_id`, `food_id`, `piece`) VALUES (58, 20, 27, 1);
INSERT IGNORE INTO `recipe_food` (`id`, `recipe_id`, `food_id`, `piece`) VALUES (59, 20, 9, 1);
INSERT IGNORE INTO `recipe_food` (`id`, `recipe_id`, `food_id`, `piece`) VALUES (60, 5, 23, 1);